file,method,status,error_message,snr_db,prn_injected,prn_winner,doppler_true_hz,doppler_meas_hz,doppler_err_hz,phase_true_chip,phase_meas_chip,phase_err_chip,peak,peak_ratio,second_peak_ratio,winner_margin_db,time_s,classic_detected,robust_detected,pd_flag,pfa_flag,pm_flag,prn_ok,doppler_ok,phase_ok,strict_success,prn_tested
gps-1ms_prn-25_fs-11MHz_if-3563kHz_snr-n10_doppler-n10000Hz_ca-804.csv,cpu_tsa_lut,ok,,-10.0,25,25,-10000,-10000,0,804,804,0,4281981.61137456,88.1281458866986,0.0,139.4511463316937,38.87951774700196,1.0,1.0,1,0,0,1.0,1.0,1.0,1,25
gps-1ms_prn-25_fs-11MHz_if-3563kHz_snr-n10_doppler-n1250Hz_ca-804.csv,cpu_tsa_lut,ok,,-10.0,25,25,-1250,-1250,0,804,804,0,3817393.718330735,89.98060246528864,0.0,139.54148896658785,39.54967149998993,1.0,1.0,1,0,0,1.0,1.0,1.0,1,25
gps-1ms_prn-25_fs-11MHz_if-3563kHz_snr-n10_doppler-n2500Hz_ca-804.csv,cpu_tsa_lut,ok,,-10.0,25,25,-2500,-2500,0,804,804,0,3606820.9876041366,131.68727938871837,0.0,141.1954382539381,41.80345183098689,1.0,1.0,1,0,0,1.0,1.0,1.0,1,25
gps-1ms_prn-25_fs-11MHz_if-3563kHz_snr-n10_doppler-n3750Hz_ca-804.csv,cpu_tsa_lut,ok,,-10.0,25,25,-3750,-3750,0,804,804,0,3977222.1026964863,88.16175463118579,0.0,139.45280225099577,38.54649621597491,1.0,1.0,1,0,0,1.0,1.0,1.0,1,25
gps-1ms_prn-25_fs-11MHz_if-3563kHz_snr-n10_doppler-n5000Hz_ca-804.csv,cpu_tsa_lut,ok,,-10.0,25,25,-5000,-5000,0,804,804,0,4323823.407360738,89.59116981761412,0.0,139.52265207335526,38.993224398000166,1.0,1.0,1,0,0,1.0,1.0,1.0,1,25
gps-1ms_prn-25_fs-11MHz_if-3563kHz_snr-n10_doppler-n6250Hz_ca-804.csv,cpu_tsa_lut,ok,,-10.0,25,25,-6250,-6250,0,804,804,0,3811954.8497726815,85.59279119392878,0.0,139.32437189016724,39.082444041006966,1.0,1.0,1,0,0,1.0,1.0,1.0,1,25
gps-1ms_prn-25_fs-11MHz_if-3563kHz_snr-n10_doppler-n7500Hz_ca-804.csv,cpu_tsa_lut,ok,,-10.0,25,25,-7500,-7500,0,804,804,0,3699684.2858723938,82.86956986322501,0.0,139.18395084632138,39.48254845899646,1.0,1.0,1,0,0,1.0,1.0,1.0,1,25
gps-1ms_prn-25_fs-11MHz_if-3563kHz_snr-n10_doppler-n8750Hz_ca-804.csv,cpu_tsa_lut,ok,,-10.0,25,25,-8750,-8750,0,804,804,0,4392767.461376274,90.4564146016135,0.0,139.56439369728787,39.60259803698864,1.0,1.0,1,0,0,1.0,1.0,1.0,1,25
gps-1ms_prn-25_fs-11MHz_if-3563kHz_snr-n10_doppler-p0Hz_ca-804.csv,cpu_tsa_lut,ok,,-10.0,25,25,0,0,0,804,804,0,4121987.910133228,87.46351966256154,0.0,139.4182695001859,39.651208741008304,1.0,1.0,1,0,0,1.0,1.0,1.0,1,25
gps-1ms_prn-25_fs-11MHz_if-3563kHz_snr-n10_doppler-p10000Hz_ca-804.csv,cpu_tsa_lut,ok,,-10.0,25,25,10000,10000,0,804,804,0,4032049.9194492553,87.24473218549596,1.698384836048199,17.10703110236691,39.69638371700421,1.0,1.0,1,0,0,1.0,1.0,1.0,1,25
gps-1ms_prn-25_fs-11MHz_if-3563kHz_snr-n10_doppler-p1250Hz_ca-804.csv,cpu_tsa_lut,ok,,-10.0,25,25,1250,1250,0,804,804,0,3619127.472225428,132.9930446093663,0.0,141.23828928435063,40.57681176098413,1.0,1.0,1,0,0,1.0,1.0,1.0,1,25
gps-1ms_prn-25_fs-11MHz_if-3563kHz_snr-n10_doppler-p2500Hz_ca-804.csv,cpu_tsa_lut,ok,,-10.0,25,25,2500,2500,0,804,804,0,3845861.508288357,88.26790922694032,0.0,139.45802839718004,38.71752915700199,1.0,1.0,1,0,0,1.0,1.0,1.0,1,25
gps-1ms_prn-25_fs-11MHz_if-3563kHz_snr-n10_doppler-p3750Hz_ca-804.csv,cpu_tsa_lut,ok,,-10.0,25,25,3750,3750,0,804,804,0,4447609.084200797,88.74956727238839,0.0,139.48166244187172,38.78904008099926,1.0,1.0,1,0,0,1.0,1.0,1.0,1,25
gps-1ms_prn-25_fs-11MHz_if-3563kHz_snr-n10_doppler-p5000Hz_ca-804.csv,cpu_tsa_lut,ok,,-10.0,25,25,5000,5000,0,804,804,0,3828735.8841495626,82.80284239712343,0.0,139.1804524519308,39.73751391400583,1.0,1.0,1,0,0,1.0,1.0,1.0,1,25
gps-1ms_prn-25_fs-11MHz_if-3563kHz_snr-n10_doppler-p6250Hz_ca-804.csv,cpu_tsa_lut,ok,,-10.0,25,25,6250,6250,0,804,804,0,3731487.599096349,124.04884823737652,0.0,140.9359273631098,41.63446643500356,1.0,1.0,1,0,0,1.0,1.0,1.0,1,25
gps-1ms_prn-25_fs-11MHz_if-3563kHz_snr-n10_doppler-p7500Hz_ca-804.csv,cpu_tsa_lut,ok,,-10.0,25,25,7500,7500,0,804,804,0,3913190.716231608,90.8116900390566,0.0,139.5814175813199,39.79861349301064,1.0,1.0,1,0,0,1.0,1.0,1.0,1,25
gps-1ms_prn-25_fs-11MHz_if-3563kHz_snr-n10_doppler-p8750Hz_ca-804.csv,cpu_tsa_lut,ok,,-10.0,25,25,8750,8750,0,804,804,0,3847977.865909511,88.09465655170462,0.0,139.44949566749312,38.54853665101109,1.0,1.0,1,0,0,1.0,1.0,1.0,1,25
gps-1ms_prn-25_fs-11MHz_if-3563kHz_snr-n20_doppler-n10000Hz_ca-804.csv,cpu_tsa_lut,ok,,-20.0,25,25,-10000,-10000,0,804,804,0,338981.73845543707,26.19272357362696,0.0,134.18180659612665,55.70422787201824,1.0,1.0,1,0,0,1.0,1.0,1.0,1,25
gps-1ms_prn-25_fs-11MHz_if-3563kHz_snr-n20_doppler-n1250Hz_ca-804.csv,cpu_tsa_lut,ok,,-20.0,25,25,-1250,-1250,0,804,804,0,503943.51532771694,40.94708631741345,0.0,136.1222300398926,55.8745790690009,1.0,1.0,1,0,0,1.0,1.0,1.0,1,25
gps-1ms_prn-25_fs-11MHz_if-3563kHz_snr-n20_doppler-n2500Hz_ca-804.csv,cpu_tsa_lut,ok,,-20.0,25,25,-2500,-2500,0,804,804,0,450386.654303512,37.19212739351439,0.0,135.70451020758543,55.78760179999517,1.0,1.0,1,0,0,1.0,1.0,1.0,1,25
gps-1ms_prn-25_fs-11MHz_if-3563kHz_snr-n20_doppler-n3750Hz_ca-804.csv,cpu_tsa_lut,ok,,-20.0,25,25,-3750,-3500,250,804,804,0,338869.39836032304,27.138954363827217,0.0,134.33593110723584,57.15937370000756,1.0,1.0,1,0,0,1.0,1.0,1.0,1,25
gps-1ms_prn-25_fs-11MHz_if-3563kHz_snr-n20_doppler-n5000Hz_ca-804.csv,cpu_tsa_lut,ok,,-20.0,25,25,-5000,-5000,0,804,804,0,354240.7565644041,29.239096914435105,0.0,134.65963954772351,57.11931283498416,1.0,1.0,1,0,0,1.0,1.0,1.0,1,25
gps-1ms_prn-25_fs-11MHz_if-3563kHz_snr-n20_doppler-n6250Hz_ca-804.csv,cpu_tsa_lut,ok,,-20.0,25,25,-6250,-6250,0,804,804,0,354574.0033437697,26.588143289574617,0.0,134.24688010620545,57.73645467399911,1.0,1.0,1,0,0,1.0,1.0,1.0,1,25
gps-1ms_prn-25_fs-11MHz_if-3563kHz_snr-n20_doppler-n7500Hz_ca-804.csv,cpu_tsa_lut,ok,,-20.0,25,25,-7500,-7500,0,804,804,0,382917.84536623606,28.741750296947664,0.0,134.58513211994472,58.01624482,1.0,1.0,1,0,0,1.0,1.0,1.0,1,25
gps-1ms_prn-25_fs-11MHz_if-3563kHz_snr-n20_doppler-n8750Hz_ca-804.csv,cpu_tsa_lut,ok,,-20.0,25,25,-8750,-8750,0,804,804,0,349179.4061822374,27.13729377979961,0.0,134.3356653620877,57.33227626000007,1.0,1.0,1,0,0,1.0,1.0,1.0,1,25
gps-1ms_prn-25_fs-11MHz_if-3563kHz_snr-n20_doppler-p0Hz_ca-804.csv,cpu_tsa_lut,ok,,-20.0,25,25,0,0,0,804,804,0,437514.1352946194,35.06538854810018,0.0,135.44878655536567,55.01342390100013,1.0,1.0,1,0,0,1.0,1.0,1.0,1,25
gps-1ms_prn-25_fs-11MHz_if-3563kHz_snr-n20_doppler-p10000Hz_ca-804.csv,cpu_tsa_lut,ok,,-20.0,25,25,10000,10000,0,804,804,0,545849.5628370462,40.04523867114072,0.0,136.02550886418376,55.37659161600004,1.0,1.0,1,0,0,1.0,1.0,1.0,1,25
gps-1ms_prn-25_fs-11MHz_if-3563kHz_snr-n20_doppler-p10Hz_ca-804.csv,cpu_tsa_lut,ok,,-20.0,25,25,10,0,10,804,804,0,583087.0507592026,47.12467048749696,0.0,136.73248326482567,59.68803559100024,1.0,1.0,1,0,0,1.0,1.0,1.0,1,25
gps-1ms_prn-25_fs-11MHz_if-3563kHz_snr-n20_doppler-p1250Hz_ca-804.csv,cpu_tsa_lut,ok,,-20.0,25,25,1250,1250,0,804,804,0,463507.14565610175,33.9120163994432,0.0,135.30353613579817,59.68788339999992,1.0,1.0,1,0,0,1.0,1.0,1.0,1,25
gps-1ms_prn-25_fs-11MHz_if-3563kHz_snr-n20_doppler-p2500Hz_ca-804.csv,cpu_tsa_lut,ok,,-20.0,25,25,2500,2500,0,804,804,0,546689.8981660088,42.83816406091702,0.0,136.318308497579,59.555005067000366,1.0,1.0,1,0,0,1.0,1.0,1.0,1,25
gps-1ms_prn-25_fs-11MHz_if-3563kHz_snr-n20_doppler-p3750Hz_ca-804.csv,cpu_tsa_lut,ok,,-20.0,25,25,3750,3750,0,804,804,0,449220.7558850525,35.402985519846645,0.0,135.49039887453,59.62383165399979,1.0,1.0,1,0,0,1.0,1.0,1.0,1,25
gps-1ms_prn-25_fs-11MHz_if-3563kHz_snr-n20_doppler-p5000Hz_ca-804.csv,cpu_tsa_lut,ok,,-20.0,25,25,5000,5000,0,804,804,0,500939.473359176,37.85074777044674,0.0,135.7807446374022,61.86947991099987,1.0,1.0,1,0,0,1.0,1.0,1.0,1,25
gps-1ms_prn-25_fs-11MHz_if-3563kHz_snr-n20_doppler-p6250Hz_ca-804.csv,cpu_tsa_lut,ok,,-20.0,25,25,6250,6250,0,804,804,0,406485.4612972912,32.1278272092278,0.0,135.06881355400563,61.25498533300004,1.0,1.0,1,0,0,1.0,1.0,1.0,1,25
gps-1ms_prn-25_fs-11MHz_if-3563kHz_snr-n20_doppler-p7500Hz_ca-804.csv,cpu_tsa_lut,ok,,-20.0,25,25,7500,7500,0,804,804,0,398887.2016974065,31.580467607904065,0.0,134.99418556262185,62.107610596000086,1.0,1.0,1,0,0,1.0,1.0,1.0,1,25
gps-1ms_prn-25_fs-11MHz_if-3563kHz_snr-n20_doppler-p8750Hz_ca-804.csv,cpu_tsa_lut,ok,,-20.0,25,25,8750,8750,0,804,804,0,398800.8221807387,32.81837459956537,0.0,135.16117067883448,62.516753205999976,1.0,1.0,1,0,0,1.0,1.0,1.0,1,25
gps-1ms_prn-25_fs-11MHz_if-3563kHz_snr-p0_doppler-n10000Hz_ca-804.csv,cpu_tsa_lut,ok,,0.0,25,25,-10000,-10000,0,804,804,0,26495606.79469656,113.52141633996835,0.0,140.55077800920137,39.80590051299987,1.0,1.0,1,0,0,1.0,1.0,1.0,1,25
gps-1ms_prn-25_fs-11MHz_if-3563kHz_snr-p0_doppler-n1250Hz_ca-804.csv,cpu_tsa_lut,ok,,0.0,25,25,-1250,-1250,0,804,804,0,26708360.64896344,113.95549706159838,0.0,140.5673527980983,39.87383706599985,1.0,1.0,1,0,0,1.0,1.0,1.0,1,25
gps-1ms_prn-25_fs-11MHz_if-3563kHz_snr-p0_doppler-n2500Hz_ca-804.csv,cpu_tsa_lut,ok,,0.0,25,25,-2500,-2500,0,804,804,0,26241994.94276901,112.46149242672604,0.0,140.51003842541616,39.764642429000105,1.0,1.0,1,0,0,1.0,1.0,1.0,1,25
gps-1ms_prn-25_fs-11MHz_if-3563kHz_snr-p0_doppler-n3750Hz_ca-804.csv,cpu_tsa_lut,ok,,0.0,25,25,-3750,-3750,0,804,804,0,27116391.24790285,115.69691124489331,0.0,140.63321764766752,39.63072840899986,1.0,1.0,1,0,0,1.0,1.0,1.0,1,25
gps-1ms_prn-25_fs-11MHz_if-3563kHz_snr-p0_doppler-n5000Hz_ca-804.csv,cpu_tsa_lut,ok,,0.0,25,25,-5000,-5000,0,804,804,0,27040112.66809852,113.40464625048132,0.0,140.54630848204238,39.58350961699989,1.0,1.0,1,0,0,1.0,1.0,1.0,1,25
gps-1ms_prn-25_fs-11MHz_if-3563kHz_snr-p0_doppler-n6250Hz_ca-804.csv,cpu_tsa_lut,ok,,0.0,25,25,-6250,-6250,0,804,804,0,27293679.775560323,115.08254563122694,0.0,140.6100945993855,39.75278830200023,1.0,1.0,1,0,0,1.0,1.0,1.0,1,25
gps-1ms_prn-25_fs-11MHz_if-3563kHz_snr-p0_doppler-n7500Hz_ca-804.csv,cpu_tsa_lut,ok,,0.0,25,25,-7500,-7500,0,804,804,0,27495212.92600268,114.3016923288705,0.0,140.5805266052345,39.63732826600017,1.0,1.0,1,0,0,1.0,1.0,1.0,1,25
gps-1ms_prn-25_fs-11MHz_if-3563kHz_snr-p0_doppler-n8750Hz_ca-804.csv,cpu_tsa_lut,ok,,0.0,25,25,-8750,-8750,0,804,804,0,26089042.92244466,115.61810905488316,0.0,140.63025862169826,39.45393949899972,1.0,1.0,1,0,0,1.0,1.0,1.0,1,25
gps-1ms_prn-25_fs-11MHz_if-3563kHz_snr-p0_doppler-p0Hz_ca-804.csv,cpu_tsa_lut,ok,,0.0,25,25,0,0,0,804,804,0,25878667.051677626,111.7242766469528,0.0,140.48147551524357,39.763441588000205,1.0,1.0,1,0,0,1.0,1.0,1.0,1,25
gps-1ms_prn-25_fs-11MHz_if-3563kHz_snr-p0_doppler-p10000Hz_ca-804.csv,cpu_tsa_lut,ok,,0.0,25,25,10000,10000,0,804,804,0,26733617.57604733,112.61777953070128,0.0,140.5160696016473,39.710592722,1.0,1.0,1,0,0,1.0,1.0,1.0,1,25
gps-1ms_prn-25_fs-11MHz_if-3563kHz_snr-p0_doppler-p1250Hz_ca-804.csv,cpu_tsa_lut,ok,,0.0,25,25,1250,1250,0,804,804,0,27512834.405964904,115.28241383385122,0.0,140.61763061349887,39.44782628400026,1.0,1.0,1,0,0,1.0,1.0,1.0,1,25
gps-1ms_prn-25_fs-11MHz_if-3563kHz_snr-p0_doppler-p2500Hz_ca-804.csv,cpu_tsa_lut,ok,,0.0,25,25,2500,2500,0,804,804,0,26614640.19037989,113.4186537066907,0.0,140.54684487851893,39.91214739299994,1.0,1.0,1,0,0,1.0,1.0,1.0,1,25
gps-1ms_prn-25_fs-11MHz_if-3563kHz_snr-p0_doppler-p3750Hz_ca-804.csv,cpu_tsa_lut,ok,,0.0,25,25,3750,3750,0,804,804,0,27087019.749581795,115.91544953574068,0.0,140.64141323806223,39.71778413799984,1.0,1.0,1,0,0,1.0,1.0,1.0,1,25
gps-1ms_prn-25_fs-11MHz_if-3563kHz_snr-p0_doppler-p5000Hz_ca-804.csv,cpu_tsa_lut,ok,,0.0,25,25,5000,5000,0,804,804,0,27490957.94542348,112.28576032571355,0.0,140.50324684096904,39.93796147400008,1.0,1.0,1,0,0,1.0,1.0,1.0,1,25
gps-1ms_prn-25_fs-11MHz_if-3563kHz_snr-p0_doppler-p6250Hz_ca-804.csv,cpu_tsa_lut,ok,,0.0,25,25,6250,6250,0,804,804,0,27579802.523714013,114.10518575202892,0.0,140.57305382300018,39.87648431999969,1.0,1.0,1,0,0,1.0,1.0,1.0,1,25
gps-1ms_prn-25_fs-11MHz_if-3563kHz_snr-p0_doppler-p7500Hz_ca-804.csv,cpu_tsa_lut,ok,,0.0,25,25,7500,7500,0,804,804,0,27100789.94808704,113.161754776808,0.0,140.53699673355263,39.88072192799973,1.0,1.0,1,0,0,1.0,1.0,1.0,1,25
gps-1ms_prn-25_fs-11MHz_if-3563kHz_snr-p0_doppler-p8750Hz_ca-804.csv,cpu_tsa_lut,ok,,0.0,25,25,8750,8750,0,804,804,0,26394946.38891149,116.51277664229607,0.0,140.66373552151714,39.81798564500059,1.0,1.0,1,0,0,1.0,1.0,1.0,1,25
gps-1ms_prn-25_fs-11MHz_if-3563kHz_snr-p10_doppler-n10000Hz_ca-804.csv,cpu_tsa_lut,ok,,10.0,25,25,-10000,-10000,0,804,804,0,50571096.84081293,115.7340532121052,0.0,140.6346116315351,39.9875295110005,1.0,1.0,1,0,0,1.0,1.0,1.0,1,25
gps-1ms_prn-25_fs-11MHz_if-3563kHz_snr-p10_doppler-n1250Hz_ca-804.csv,cpu_tsa_lut,ok,,10.0,25,25,-1250,-1250,0,804,804,0,50537553.463333845,118.65475787939108,0.5253284380276637,23.538542460121334,40.17178207699999,1.0,1.0,1,0,0,1.0,1.0,1.0,1,25
gps-1ms_prn-25_fs-11MHz_if-3563kHz_snr-p10_doppler-n2500Hz_ca-804.csv,cpu_tsa_lut,ok,,10.0,25,25,-2500,-2500,0,804,804,0,50316246.68421802,115.4264404007356,0.0,140.6230530279596,40.16842835600073,1.0,1.0,1,0,0,1.0,1.0,1.0,1,25
gps-1ms_prn-25_fs-11MHz_if-3563kHz_snr-p10_doppler-n3750Hz_ca-804.csv,cpu_tsa_lut,ok,,10.0,25,25,-3750,-3750,0,804,804,0,50621029.93646261,118.62935143073614,0.0,140.74192156037645,40.09667725200052,1.0,1.0,1,0,0,1.0,1.0,1.0,1,25
gps-1ms_prn-25_fs-11MHz_if-3563kHz_snr-p10_doppler-n5000Hz_ca-804.csv,cpu_tsa_lut,ok,,10.0,25,25,-5000,-5000,0,804,804,0,50811369.80630726,115.3024836356057,0.0,140.61838662174335,39.890400676000354,1.0,1.0,1,0,0,1.0,1.0,1.0,1,25
gps-1ms_prn-25_fs-11MHz_if-3563kHz_snr-p10_doppler-n6250Hz_ca-804.csv,cpu_tsa_lut,ok,,10.0,25,25,-6250,-6250,0,804,804,0,50762618.46424322,118.43767266543333,0.0,140.73489864788775,40.17455884799893,1.0,1.0,1,0,0,1.0,1.0,1.0,1,25
gps-1ms_prn-25_fs-11MHz_if-3563kHz_snr-p10_doppler-n7500Hz_ca-804.csv,cpu_tsa_lut,ok,,10.0,25,25,-7500,-7500,0,804,804,0,51088070.92702073,116.03998937294972,0.0,140.6460768035754,39.881118949000665,1.0,1.0,1,0,0,1.0,1.0,1.0,1,25
gps-1ms_prn-25_fs-11MHz_if-3563kHz_snr-p10_doppler-n8750Hz_ca-804.csv,cpu_tsa_lut,ok,,10.0,25,25,-8750,-8750,0,804,804,0,50662174.48685943,118.31653976325744,0.0,140.73045459977195,40.01245698800085,1.0,1.0,1,0,0,1.0,1.0,1.0,1,25
gps-1ms_prn-25_fs-11MHz_if-3563kHz_snr-p10_doppler-p0Hz_ca-804.csv,cpu_tsa_lut,ok,,10.0,25,25,0,0,0,804,804,0,50520232.09450889,115.52823128128496,0.0,140.62688124414342,39.967954285000815,1.0,1.0,1,0,0,1.0,1.0,1.0,1,25
gps-1ms_prn-25_fs-11MHz_if-3563kHz_snr-p10_doppler-p10000Hz_ca-804.csv,cpu_tsa_lut,ok,,10.0,25,25,10000,10000,0,804,804,0,50626271.73859532,115.61239240195655,0.5509765407701533,23.218712802133226,39.84868943999936,1.0,1.0,1,0,0,1.0,1.0,1.0,1,25
gps-1ms_prn-25_fs-11MHz_if-3563kHz_snr-p10_doppler-p1250Hz_ca-804.csv,cpu_tsa_lut,ok,,10.0,25,25,1250,1250,0,804,804,0,50817798.7163771,118.81491724584669,0.0,140.74870969861104,39.88849903499977,1.0,1.0,1,0,0,1.0,1.0,1.0,1,25
gps-1ms_prn-25_fs-11MHz_if-3563kHz_snr-p10_doppler-p2500Hz_ca-804.csv,cpu_tsa_lut,ok,,10.0,25,25,2500,2500,0,804,804,0,50724824.36436448,115.92701095910972,0.0,140.64184638239357,39.81295838400001,1.0,1.0,1,0,0,1.0,1.0,1.0,1,25
gps-1ms_prn-25_fs-11MHz_if-3563kHz_snr-p10_doppler-p3750Hz_ca-804.csv,cpu_tsa_lut,ok,,10.0,25,25,3750,3750,0,804,804,0,50800854.6229057,118.47323785297444,0.0,140.73620257811024,39.90747700999964,1.0,1.0,1,0,0,1.0,1.0,1.0,1,25
gps-1ms_prn-25_fs-11MHz_if-3563kHz_snr-p10_doppler-p5000Hz_ca-804.csv,cpu_tsa_lut,ok,,10.0,25,25,5000,5000,0,804,804,0,50552484.96447981,115.50671921450352,0.0,140.62607248582316,39.79092589300126,1.0,1.0,1,0,0,1.0,1.0,1.0,1,25
gps-1ms_prn-25_fs-11MHz_if-3563kHz_snr-p10_doppler-p6250Hz_ca-804.csv,cpu_tsa_lut,ok,,10.0,25,25,6250,6250,0,804,804,0,50609843.59828252,118.87679318417482,0.0,140.75097081063188,39.735389527000734,1.0,1.0,1,0,0,1.0,1.0,1.0,1,25
gps-1ms_prn-25_fs-11MHz_if-3563kHz_snr-p10_doppler-p7500Hz_ca-804.csv,cpu_tsa_lut,ok,,10.0,25,25,7500,7500,0,804,804,0,50602293.065418,115.63700060317971,0.0,140.630968183983,39.70875546500065,1.0,1.0,1,0,0,1.0,1.0,1.0,1,25
gps-1ms_prn-25_fs-11MHz_if-3563kHz_snr-p10_doppler-p8750Hz_ca-804.csv,cpu_tsa_lut,ok,,10.0,25,25,8750,8750,0,804,804,0,50753666.64648372,118.53191814132286,0.0,140.73835312423145,39.65064330700079,1.0,1.0,1,0,0,1.0,1.0,1.0,1,25
gps-1ms_prn-25_fs-11MHz_if-3563kHz_snr-p20_doppler-n10000Hz_ca-804.csv,cpu_tsa_lut,ok,,20.0,25,25,-10000,-10000,0,804,804,0,53121719.989917904,116.02074794588768,0.0,140.64535660887873,39.75695253899903,1.0,1.0,1,0,0,1.0,1.0,1.0,1,25
gps-1ms_prn-25_fs-11MHz_if-3563kHz_snr-p20_doppler-n1250Hz_ca-804.csv,cpu_tsa_lut,ok,,20.0,25,25,-1250,-1250,0,804,804,0,53044800.99401279,118.69598209263582,0.0,140.74436018158212,39.579816036999546,1.0,1.0,1,0,0,1.0,1.0,1.0,1,25
gps-1ms_prn-25_fs-11MHz_if-3563kHz_snr-p20_doppler-n2500Hz_ca-804.csv,cpu_tsa_lut,ok,,20.0,25,25,-2500,-2500,0,804,804,0,52999260.04364388,115.66933584590204,0.0,140.6321824194244,39.73890904499967,1.0,1.0,1,0,0,1.0,1.0,1.0,1,25
gps-1ms_prn-25_fs-11MHz_if-3563kHz_snr-p20_doppler-n3750Hz_ca-804.csv,cpu_tsa_lut,ok,,20.0,25,25,-3750,-3750,0,804,804,0,53010257.17674475,118.54400610738742,0.0,140.73879599813193,39.52571744499983,1.0,1.0,1,0,0,1.0,1.0,1.0,1,25
gps-1ms_prn-25_fs-11MHz_if-3563kHz_snr-p20_doppler-n5000Hz_ca-804.csv,cpu_tsa_lut,ok,,20.0,25,25,-5000,-5000,0,804,804,0,53246519.45698713,115.84599546515796,0.0,140.6388102580452,39.54555860899927,1.0,1.0,1,0,0,1.0,1.0,1.0,1,25
gps-1ms_prn-25_fs-11MHz_if-3563kHz_snr-p20_doppler-n6250Hz_ca-804.csv,cpu_tsa_lut,ok,,20.0,25,25,-6250,-6250,0,804,804,0,53086415.53775512,118.7134341239713,0.0,140.74499868371416,39.66522191399963,1.0,1.0,1,0,0,1.0,1.0,1.0,1,25
gps-1ms_prn-25_fs-11MHz_if-3563kHz_snr-p20_doppler-n7500Hz_ca-804.csv,cpu_tsa_lut,ok,,20.0,25,25,-7500,-7500,0,804,804,0,53360714.07708488,116.25434188209336,0.0,140.65409181950992,39.69385180500103,1.0,1.0,1,0,0,1.0,1.0,1.0,1,25
gps-1ms_prn-25_fs-11MHz_if-3563kHz_snr-p20_doppler-n8750Hz_ca-804.csv,cpu_tsa_lut,ok,,20.0,25,25,-8750,-8750,0,804,804,0,53170120.17522062,118.53195882232994,0.0,140.7383546147611,39.548660878999726,1.0,1.0,1,0,0,1.0,1.0,1.0,1,25
gps-1ms_prn-25_fs-11MHz_if-3563kHz_snr-p20_doppler-p0Hz_ca-804.csv,cpu_tsa_lut,ok,,20.0,25,25,0,0,0,804,804,0,53132205.54169005,115.86220251487754,0.0,140.63941780083687,39.734922366998944,1.0,1.0,1,0,0,1.0,1.0,1.0,1,25
gps-1ms_prn-25_fs-11MHz_if-3563kHz_snr-p20_doppler-p10000Hz_ca-804.csv,cpu_tsa_lut,ok,,20.0,25,25,10000,10000,0,804,804,0,53165226.180925645,115.85462396085302,0.0,140.63913371924943,39.65570746999947,1.0,1.0,1,0,0,1.0,1.0,1.0,1,25
gps-1ms_prn-25_fs-11MHz_if-3563kHz_snr-p20_doppler-p1250Hz_ca-804.csv,cpu_tsa_lut,ok,,20.0,25,25,1250,1250,0,804,804,0,53291001.838045806,118.5801770837144,0.0,140.74012094570446,39.51772407899989,1.0,1.0,1,0,0,1.0,1.0,1.0,1,25
gps-1ms_prn-25_fs-11MHz_if-3563kHz_snr-p20_doppler-p2500Hz_ca-804.csv,cpu_tsa_lut,ok,,20.0,25,25,2500,2500,0,804,804,0,53185579.53404164,116.09517695568924,0.0,140.6481417783471,39.46916493199751,1.0,1.0,1,0,0,1.0,1.0,1.0,1,25
gps-1ms_prn-25_fs-11MHz_if-3563kHz_snr-p20_doppler-p3750Hz_ca-804.csv,cpu_tsa_lut,ok,,20.0,25,25,3750,3750,0,804,804,0,53185539.19884907,118.76500092004262,0.5202908977527494,23.58442248263809,39.676556073998654,1.0,1.0,1,0,0,1.0,1.0,1.0,1,25
gps-1ms_prn-25_fs-11MHz_if-3563kHz_snr-p20_doppler-p5000Hz_ca-804.csv,cpu_tsa_lut,ok,,20.0,25,25,5000,5000,0,804,804,0,52973519.79287788,115.45625551795794,0.0,140.62417468334462,39.48194301900003,1.0,1.0,1,0,0,1.0,1.0,1.0,1,25
gps-1ms_prn-25_fs-11MHz_if-3563kHz_snr-p20_doppler-p6250Hz_ca-804.csv,cpu_tsa_lut,ok,,20.0,25,25,6250,6250,0,804,804,0,53219648.07740573,118.773315718066,0.0,140.74718880560107,39.72233113999755,1.0,1.0,1,0,0,1.0,1.0,1.0,1,25
gps-1ms_prn-25_fs-11MHz_if-3563kHz_snr-p20_doppler-p7500Hz_ca-804.csv,cpu_tsa_lut,ok,,20.0,25,25,7500,7500,0,804,804,0,53181018.61068224,115.74113416295448,0.0,140.63487733758475,39.35107803400024,1.0,1.0,1,0,0,1.0,1.0,1.0,1,25
gps-1ms_prn-25_fs-11MHz_if-3563kHz_snr-p20_doppler-p8750Hz_ca-804.csv,cpu_tsa_lut,ok,,20.0,25,25,8750,8750,0,804,804,0,53190288.88058938,118.64682874142984,0.0,140.74256134643514,39.406352419999166,1.0,1.0,1,0,0,1.0,1.0,1.0,1,25
gps-1ms_prn-25_fs-11MHz_if-3563kHz_snr-n10_doppler-n10000Hz_ca-804.csv,fpga,ok,,-10.0,25,25,-10000,-10000,0,804,804,0,4282033.0625,475.4806425492434,,14.781965399242313,0.4377736429451033,,,1,0,0,,,,1,25
gps-1ms_prn-25_fs-11MHz_if-3563kHz_snr-n10_doppler-n1250Hz_ca-804.csv,fpga,ok,,-10.0,25,25,-1250,-1250,0,804,804,0,3817604.5,482.2758080244357,,14.93532618302817,0.4374396170023829,,,1,0,0,,,,1,25
gps-1ms_prn-25_fs-11MHz_if-3563kHz_snr-n10_doppler-n2500Hz_ca-804.csv,fpga,ok,,-10.0,25,25,-2500,-2500,0,804,804,0,3607065.875,371.6727858919884,,14.379639525821325,0.4480107770068571,,,1,0,0,,,,1,25
gps-1ms_prn-25_fs-11MHz_if-3563kHz_snr-n10_doppler-n3750Hz_ca-804.csv,fpga,ok,,-10.0,25,25,-3750,-3750,0,804,804,0,3977175.5625,452.5411614542712,,15.13265187378682,0.4390176340239122,,,1,0,0,,,,1,25
gps-1ms_prn-25_fs-11MHz_if-3563kHz_snr-n10_doppler-n5000Hz_ca-804.csv,fpga,ok,,-10.0,25,25,-5000,-5000,0,804,804,0,4324078.875,491.454361663119,,15.874136946345267,0.4378794630756601,,,1,0,0,,,,1,25
gps-1ms_prn-25_fs-11MHz_if-3563kHz_snr-n10_doppler-n6250Hz_ca-804.csv,fpga,ok,,-10.0,25,25,-6250,-6250,0,804,804,0,3811920.9375,457.7072915337951,,15.343381047417184,0.4376552769681439,,,1,0,0,,,,1,25
gps-1ms_prn-25_fs-11MHz_if-3563kHz_snr-n10_doppler-n7500Hz_ca-804.csv,fpga,ok,,-10.0,25,25,-7500,-7500,0,804,804,0,3699937.0,427.44257989213656,,14.785651164181024,0.4375078990124166,,,1,0,0,,,,1,25
gps-1ms_prn-25_fs-11MHz_if-3563kHz_snr-n10_doppler-n8750Hz_ca-804.csv,fpga,ok,,-10.0,25,25,-8750,-8750,0,804,804,0,4392777.25,484.6489152848581,,15.5797510129155,0.4383211709791794,,,1,0,0,,,,1,25
gps-1ms_prn-25_fs-11MHz_if-3563kHz_snr-n10_doppler-p0Hz_ca-804.csv,fpga,ok,,-10.0,25,25,0,0,0,804,804,0,4122173.1875,478.82024629848297,,15.560471890530767,0.437602621037513,,,1,0,0,,,,1,25
gps-1ms_prn-25_fs-11MHz_if-3563kHz_snr-n10_doppler-p10000Hz_ca-804.csv,fpga,ok,,-10.0,25,25,10000,10000,0,804,804,0,4032309.625,489.6914439286522,,15.374067280275609,0.4377434530761093,,,1,0,0,,,,1,25
gps-1ms_prn-25_fs-11MHz_if-3563kHz_snr-n10_doppler-p1250Hz_ca-804.csv,fpga,ok,,-10.0,25,25,1250,1250,0,804,804,0,3619153.4375,359.3570709660895,,13.8739738852627,0.4461473799310624,,,1,0,0,,,,1,25
gps-1ms_prn-25_fs-11MHz_if-3563kHz_snr-n10_doppler-p2500Hz_ca-804.csv,fpga,ok,,-10.0,25,25,2500,2500,0,804,804,0,3845873.5625,445.51531016753313,,15.083371924706606,0.4373848419636488,,,1,0,0,,,,1,25
gps-1ms_prn-25_fs-11MHz_if-3563kHz_snr-n10_doppler-p3750Hz_ca-804.csv,fpga,ok,,-10.0,25,25,3750,3750,0,804,804,0,4447810.5,479.8801574947706,,15.708707484224696,0.4378331770421937,,,1,0,0,,,,1,25
gps-1ms_prn-25_fs-11MHz_if-3563kHz_snr-n10_doppler-p5000Hz_ca-804.csv,fpga,ok,,-10.0,25,25,5000,5000,0,804,804,0,3828720.5,467.2123254892426,,14.70113306964793,0.4374085839372128,,,1,0,0,,,,1,25
gps-1ms_prn-25_fs-11MHz_if-3563kHz_snr-n10_doppler-p6250Hz_ca-804.csv,fpga,ok,,-10.0,25,25,6250,6250,0,804,804,0,3731667.9375,334.3250346959985,,13.398148398746585,0.4459811899578199,,,1,0,0,,,,1,25
gps-1ms_prn-25_fs-11MHz_if-3563kHz_snr-n10_doppler-p7500Hz_ca-804.csv,fpga,ok,,-10.0,25,25,7500,7500,0,804,804,0,3913174.875,486.22488391373423,,14.93410383373018,0.4376943340757862,,,1,0,0,,,,1,25
gps-1ms_prn-25_fs-11MHz_if-3563kHz_snr-n10_doppler-p8750Hz_ca-804.csv,fpga,ok,,-10.0,25,25,8750,8750,0,804,804,0,3847943.1875,467.2277561045789,,14.904122464076808,0.4372400919673964,,,1,0,0,,,,1,25
gps-1ms_prn-25_fs-11MHz_if-3563kHz_snr-n20_doppler-n10000Hz_ca-804.csv,fpga,ok,,-20.0,25,25,-10000,-10000,0,804,804,0,338975.25,26.194865148411324,,2.6694437110629163,0.4714691550470888,,,1,0,0,,,,1,25
gps-1ms_prn-25_fs-11MHz_if-3563kHz_snr-n20_doppler-n1250Hz_ca-804.csv,fpga,ok,,-20.0,25,25,-1250,-1250,0,804,804,0,503939.9375,40.95144196849273,,4.543512046968648,0.4704858820186928,,,1,0,0,,,,1,25
gps-1ms_prn-25_fs-11MHz_if-3563kHz_snr-n20_doppler-n2500Hz_ca-804.csv,fpga,ok,,-20.0,25,25,-2500,-2500,0,804,804,0,450470.4375,37.20344862444709,,4.316007797753493,0.4712175050517544,,,1,0,0,,,,1,25
gps-1ms_prn-25_fs-11MHz_if-3563kHz_snr-n20_doppler-n3750Hz_ca-804.csv,fpga,ok,,-20.0,25,25,-3750,-3500,250,804,804,0,338875.3125,27.142937170056765,,2.7337221634944013,0.4697257679654285,,,1,0,0,,,,1,25
gps-1ms_prn-25_fs-11MHz_if-3563kHz_snr-n20_doppler-n5000Hz_ca-804.csv,fpga,ok,,-20.0,25,25,-5000,-5000,0,804,804,0,354236.75,29.243219292345813,,2.671252505725134,0.4709652150049805,,,1,0,0,,,,1,25
gps-1ms_prn-25_fs-11MHz_if-3563kHz_snr-n20_doppler-n6250Hz_ca-804.csv,fpga,ok,,-20.0,25,25,-6250,-6250,0,804,804,0,354575.0625,26.590942628121454,,3.5111030605868043,0.4698393570724875,,,1,0,0,,,,1,25
gps-1ms_prn-25_fs-11MHz_if-3563kHz_snr-n20_doppler-n7500Hz_ca-804.csv,fpga,ok,,-20.0,25,25,-7500,-7500,0,804,804,0,382922.5,28.74497651903696,,3.3606511702315593,0.4698198930127546,,,1,0,0,,,,1,25
gps-1ms_prn-25_fs-11MHz_if-3563kHz_snr-n20_doppler-n8750Hz_ca-804.csv,fpga,ok,,-20.0,25,25,-8750,-8750,0,804,804,0,349157.75,27.13850436724565,,3.334202212054574,0.4710876230383292,,,1,0,0,,,,1,25
gps-1ms_prn-25_fs-11MHz_if-3563kHz_snr-n20_doppler-p0Hz_ca-804.csv,fpga,ok,,-20.0,25,25,0,0,0,804,804,0,437513.6875,35.0705079590339,,3.5904605996187207,0.4700970210833475,,,1,0,0,,,,1,25
gps-1ms_prn-25_fs-11MHz_if-3563kHz_snr-n20_doppler-p10000Hz_ca-804.csv,fpga,ok,,-20.0,25,25,10000,10000,0,804,804,0,545854.5,40.048559017586,,4.301039399556428,0.4703069670358673,,,1,0,0,,,,1,25
gps-1ms_prn-25_fs-11MHz_if-3563kHz_snr-n20_doppler-p10Hz_ca-804.csv,fpga,ok,,-20.0,25,25,10,0,10,804,804,0,583048.75,47.126429913505945,,5.386791170380998,0.470229274011217,,,1,0,0,,,,1,25
gps-1ms_prn-25_fs-11MHz_if-3563kHz_snr-n20_doppler-p1250Hz_ca-804.csv,fpga,ok,,-20.0,25,25,1250,1250,0,804,804,0,463523.8125,33.917214348184416,,4.156808687266266,0.4701843080110848,,,1,0,0,,,,1,25
gps-1ms_prn-25_fs-11MHz_if-3563kHz_snr-n20_doppler-p2500Hz_ca-804.csv,fpga,ok,,-20.0,25,25,2500,2500,0,804,804,0,546687.375,42.84069892305074,,4.339036142755754,0.4694639299996197,,,1,0,0,,,,1,25
gps-1ms_prn-25_fs-11MHz_if-3563kHz_snr-n20_doppler-p3750Hz_ca-804.csv,fpga,ok,,-20.0,25,25,3750,3750,0,804,804,0,449324.6875,35.41657497600874,,3.9265138251980884,0.4704938799841329,,,1,0,0,,,,1,25
gps-1ms_prn-25_fs-11MHz_if-3563kHz_snr-n20_doppler-p5000Hz_ca-804.csv,fpga,ok,,-20.0,25,25,5000,5000,0,804,804,0,500957.1875,37.85730323371048,,4.342284543169317,0.4704156089574098,,,1,0,0,,,,1,25
gps-1ms_prn-25_fs-11MHz_if-3563kHz_snr-n20_doppler-p6250Hz_ca-804.csv,fpga,ok,,-20.0,25,25,6250,6250,0,804,804,0,406539.875,32.13561521949976,,2.9419495330934033,0.469660558970645,,,1,0,0,,,,1,25
gps-1ms_prn-25_fs-11MHz_if-3563kHz_snr-n20_doppler-p7500Hz_ca-804.csv,fpga,ok,,-20.0,25,25,7500,7500,0,804,804,0,398969.9375,31.59206712694389,,3.039768782733801,0.4708900729892775,,,1,0,0,,,,1,25
gps-1ms_prn-25_fs-11MHz_if-3563kHz_snr-n20_doppler-p8750Hz_ca-804.csv,fpga,ok,,-20.0,25,25,8750,8750,0,804,804,0,398809.6875,32.823284207664216,,3.505678317709089,0.4698958600638434,,,1,0,0,,,,1,25
gps-1ms_prn-25_fs-11MHz_if-3563kHz_snr-p0_doppler-n10000Hz_ca-804.csv,fpga,ok,,0.0,25,25,-10000,-10000,0,804,804,0,26495622.9375,793.2880213217816,,17.006727520233436,0.4372401529690251,,,1,0,0,,,,1,25
gps-1ms_prn-25_fs-11MHz_if-3563kHz_snr-p0_doppler-n1250Hz_ca-804.csv,fpga,ok,,0.0,25,25,-1250,-1250,0,804,804,0,26708909.1875,783.3706352087904,,17.596328781966477,0.4374267510138452,,,1,0,0,,,,1,25
gps-1ms_prn-25_fs-11MHz_if-3563kHz_snr-p0_doppler-n2500Hz_ca-804.csv,fpga,ok,,0.0,25,25,-2500,-2500,0,804,804,0,26242549.0625,794.0335908357968,,17.733613556554925,0.438222398981452,,,1,0,0,,,,1,25
gps-1ms_prn-25_fs-11MHz_if-3563kHz_snr-p0_doppler-n3750Hz_ca-804.csv,fpga,ok,,0.0,25,25,-3750,-3750,0,804,804,0,27116390.5625,789.4686917598104,,17.650056071741794,0.4373508379794657,,,1,0,0,,,,1,25
gps-1ms_prn-25_fs-11MHz_if-3563kHz_snr-p0_doppler-n5000Hz_ca-804.csv,fpga,ok,,0.0,25,25,-5000,-5000,0,804,804,0,27039997.875,792.1778259051424,,18.286171169079037,0.4377520650159567,,,1,0,0,,,,1,25
gps-1ms_prn-25_fs-11MHz_if-3563kHz_snr-p0_doppler-n6250Hz_ca-804.csv,fpga,ok,,0.0,25,25,-6250,-6250,0,804,804,0,27293583.0625,791.2426650637625,,17.908058568170905,0.4372965120710432,,,1,0,0,,,,1,25
gps-1ms_prn-25_fs-11MHz_if-3563kHz_snr-p0_doppler-n7500Hz_ca-804.csv,fpga,ok,,0.0,25,25,-7500,-7500,0,804,804,0,27495778.125,809.1902975547207,,18.044228719107622,0.4374453310156241,,,1,0,0,,,,1,25
gps-1ms_prn-25_fs-11MHz_if-3563kHz_snr-p0_doppler-n8750Hz_ca-804.csv,fpga,ok,,0.0,25,25,-8750,-8750,0,804,804,0,26088861.375,785.63766080669,,18.03678441376656,0.4377114620292559,,,1,0,0,,,,1,25
gps-1ms_prn-25_fs-11MHz_if-3563kHz_snr-p0_doppler-p0Hz_ca-804.csv,fpga,ok,,0.0,25,25,0,0,0,804,804,0,25879015.625,789.1845743899711,,17.355379092133685,0.4370564690325409,,,1,0,0,,,,1,25
gps-1ms_prn-25_fs-11MHz_if-3563kHz_snr-p0_doppler-p10000Hz_ca-804.csv,fpga,ok,,0.0,25,25,10000,10000,0,804,804,0,26733553.0,790.9510041762413,,18.11572249774547,0.4372701989486813,,,1,0,0,,,,1,25
gps-1ms_prn-25_fs-11MHz_if-3563kHz_snr-p0_doppler-p1250Hz_ca-804.csv,fpga,ok,,0.0,25,25,1250,1250,0,804,804,0,27512806.125,801.0387863165786,,17.958250581783297,0.4377919749822467,,,1,0,0,,,,1,25
gps-1ms_prn-25_fs-11MHz_if-3563kHz_snr-p0_doppler-p2500Hz_ca-804.csv,fpga,ok,,0.0,25,25,2500,2500,0,804,804,0,26614581.4375,787.4057048852542,,17.118681477624357,0.4368435950018465,,,1,0,0,,,,1,25
gps-1ms_prn-25_fs-11MHz_if-3563kHz_snr-p0_doppler-p3750Hz_ca-804.csv,fpga,ok,,0.0,25,25,3750,3750,0,804,804,0,27086974.3125,800.6754838457867,,17.67202669153873,0.4382093070307746,,,1,0,0,,,,1,25
gps-1ms_prn-25_fs-11MHz_if-3563kHz_snr-p0_doppler-p5000Hz_ca-804.csv,fpga,ok,,0.0,25,25,5000,5000,0,804,804,0,27490903.4375,789.8638543246188,,17.588798359298863,0.4378473229007795,,,1,0,0,,,,1,25
gps-1ms_prn-25_fs-11MHz_if-3563kHz_snr-p0_doppler-p6250Hz_ca-804.csv,fpga,ok,,0.0,25,25,6250,6250,0,804,804,0,27579660.4375,781.0062951657949,,17.533245274503333,0.4372760590631515,,,1,0,0,,,,1,25
gps-1ms_prn-25_fs-11MHz_if-3563kHz_snr-p0_doppler-p7500Hz_ca-804.csv,fpga,ok,,0.0,25,25,7500,7500,0,804,804,0,27100689.625,794.3872804230418,,17.807679810101224,0.4386695619905367,,,1,0,0,,,,1,25
gps-1ms_prn-25_fs-11MHz_if-3563kHz_snr-p0_doppler-p8750Hz_ca-804.csv,fpga,ok,,0.0,25,25,8750,8750,0,804,804,0,26394820.5625,797.3342539180755,,17.961320910514655,0.4376592739718035,,,1,0,0,,,,1,25
gps-1ms_prn-25_fs-11MHz_if-3563kHz_snr-p10_doppler-n10000Hz_ca-804.csv,fpga,ok,,10.0,25,25,-10000,-10000,0,804,804,0,50571001.5,840.0293988154981,,18.258705542840318,0.4378452200908214,,,1,0,0,,,,1,25
gps-1ms_prn-25_fs-11MHz_if-3563kHz_snr-p10_doppler-n1250Hz_ca-804.csv,fpga,ok,,10.0,25,25,-1250,-1250,0,804,804,0,50538251.3125,841.1024308000133,,17.92874181652623,0.4377036810619756,,,1,0,0,,,,1,25
gps-1ms_prn-25_fs-11MHz_if-3563kHz_snr-p10_doppler-n2500Hz_ca-804.csv,fpga,ok,,10.0,25,25,-2500,-2500,0,804,804,0,50316043.5625,835.4955479995141,,18.718414670381037,0.4368482059799135,,,1,0,0,,,,1,25
gps-1ms_prn-25_fs-11MHz_if-3563kHz_snr-p10_doppler-n3750Hz_ca-804.csv,fpga,ok,,10.0,25,25,-3750,-3750,0,804,804,0,50621628.8125,838.1502379282063,,18.174399519316783,0.4370625639567151,,,1,0,0,,,,1,25
gps-1ms_prn-25_fs-11MHz_if-3563kHz_snr-p10_doppler-n5000Hz_ca-804.csv,fpga,ok,,10.0,25,25,-5000,-5000,0,804,804,0,50811217.125,839.022507580288,,18.17315635456533,0.4375886839115992,,,1,0,0,,,,1,25
gps-1ms_prn-25_fs-11MHz_if-3563kHz_snr-p10_doppler-n6250Hz_ca-804.csv,fpga,ok,,10.0,25,25,-6250,-6250,0,804,804,0,50762455.375,838.7676517524282,,18.944460452142447,0.4378316830843687,,,1,0,0,,,,1,25
gps-1ms_prn-25_fs-11MHz_if-3563kHz_snr-p10_doppler-n7500Hz_ca-804.csv,fpga,ok,,10.0,25,25,-7500,-7500,0,804,804,0,51088020.0,842.9845984288395,,18.494946365188852,0.4367599419783801,,,1,0,0,,,,1,25
gps-1ms_prn-25_fs-11MHz_if-3563kHz_snr-p10_doppler-n8750Hz_ca-804.csv,fpga,ok,,10.0,25,25,-8750,-8750,0,804,804,0,50661969.4375,838.7098320528343,,17.464002237669824,0.4371887689922005,,,1,0,0,,,,1,25
gps-1ms_prn-25_fs-11MHz_if-3563kHz_snr-p10_doppler-p0Hz_ca-804.csv,fpga,ok,,10.0,25,25,0,0,0,804,804,0,50520771.0625,836.8745759278709,,17.752427204401577,0.4375640510115772,,,1,0,0,,,,1,25
gps-1ms_prn-25_fs-11MHz_if-3563kHz_snr-p10_doppler-p10000Hz_ca-804.csv,fpga,ok,,10.0,25,25,10000,10000,0,804,804,0,50626064.125,837.6857380872462,,18.05226872043913,0.4368987130001187,,,1,0,0,,,,1,25
gps-1ms_prn-25_fs-11MHz_if-3563kHz_snr-p10_doppler-p1250Hz_ca-804.csv,fpga,ok,,10.0,25,25,1250,1250,0,804,804,0,50817590.8125,844.0580167143594,,18.425732162071345,0.4381254330510273,,,1,0,0,,,,1,25
gps-1ms_prn-25_fs-11MHz_if-3563kHz_snr-p10_doppler-p2500Hz_ca-804.csv,fpga,ok,,10.0,25,25,2500,2500,0,804,804,0,50725409.375,843.0515734930832,,18.527819543761773,0.4378900410374626,,,1,0,0,,,,1,25
gps-1ms_prn-25_fs-11MHz_if-3563kHz_snr-p10_doppler-p3750Hz_ca-804.csv,fpga,ok,,10.0,25,25,3750,3750,0,804,804,0,50800624.1875,840.9824284575702,,18.73359847989981,0.4371175019768998,,,1,0,0,,,,1,25
gps-1ms_prn-25_fs-11MHz_if-3563kHz_snr-p10_doppler-p5000Hz_ca-804.csv,fpga,ok,,10.0,25,25,5000,5000,0,804,804,0,50552382.8125,839.2163076855559,,18.439968722818726,0.4378406129544601,,,1,0,0,,,,1,25
gps-1ms_prn-25_fs-11MHz_if-3563kHz_snr-p10_doppler-p6250Hz_ca-804.csv,fpga,ok,,10.0,25,25,6250,6250,0,804,804,0,50609659.0,841.0148442622364,,18.23551118120352,0.4384035830153152,,,1,0,0,,,,1,25
gps-1ms_prn-25_fs-11MHz_if-3563kHz_snr-p10_doppler-p7500Hz_ca-804.csv,fpga,ok,,10.0,25,25,7500,7500,0,804,804,0,50602002.1875,839.0737192305389,,18.401938851376883,0.4373294729739427,,,1,0,0,,,,1,25
gps-1ms_prn-25_fs-11MHz_if-3563kHz_snr-p10_doppler-p8750Hz_ca-804.csv,fpga,ok,,10.0,25,25,8750,8750,0,804,804,0,50753544.5625,839.1317223570464,,18.07265560319977,0.437710840953514,,,1,0,0,,,,1,25
gps-1ms_prn-25_fs-11MHz_if-3563kHz_snr-p20_doppler-n10000Hz_ca-804.csv,fpga,ok,,20.0,25,25,-10000,-10000,0,804,804,0,53121686.625,844.8648279220641,,18.261162924445856,0.4366596729960292,,,1,0,0,,,,1,25
gps-1ms_prn-25_fs-11MHz_if-3563kHz_snr-p20_doppler-n1250Hz_ca-804.csv,fpga,ok,,20.0,25,25,-1250,-1250,0,804,804,0,53045591.375,842.386511329552,,17.883530218248552,0.4368423939449712,,,1,0,0,,,,1,25
gps-1ms_prn-25_fs-11MHz_if-3563kHz_snr-p20_doppler-n2500Hz_ca-804.csv,fpga,ok,,20.0,25,25,-2500,-2500,0,804,804,0,52999105.5625,840.950058096998,,18.010071622237056,0.4373419729527086,,,1,0,0,,,,1,25
gps-1ms_prn-25_fs-11MHz_if-3563kHz_snr-p20_doppler-n3750Hz_ca-804.csv,fpga,ok,,20.0,25,25,-3750,-3750,0,804,804,0,53010953.0625,842.5117670354304,,18.222219329501804,0.436848463024944,,,1,0,0,,,,1,25
gps-1ms_prn-25_fs-11MHz_if-3563kHz_snr-p20_doppler-n5000Hz_ca-804.csv,fpga,ok,,20.0,25,25,-5000,-5000,0,804,804,0,53246403.375,844.4172770914104,,18.91111053624867,0.4368294350570068,,,1,0,0,,,,1,25
gps-1ms_prn-25_fs-11MHz_if-3563kHz_snr-p20_doppler-n6250Hz_ca-804.csv,fpga,ok,,20.0,25,25,-6250,-6250,0,804,804,0,53086367.1875,843.7319554676981,,18.375062237987557,0.4374085760209709,,,1,0,0,,,,1,25
gps-1ms_prn-25_fs-11MHz_if-3563kHz_snr-p20_doppler-n7500Hz_ca-804.csv,fpga,ok,,20.0,25,25,-7500,-7500,0,804,804,0,53360624.4375,846.0208476188964,,18.289538918410685,0.4374037460656836,,,1,0,0,,,,1,25
gps-1ms_prn-25_fs-11MHz_if-3563kHz_snr-p20_doppler-n8750Hz_ca-804.csv,fpga,ok,,20.0,25,25,-8750,-8750,0,804,804,0,53169967.125,843.0761896798983,,18.614522447360457,0.4385729830246418,,,1,0,0,,,,1,25
gps-1ms_prn-25_fs-11MHz_if-3563kHz_snr-p20_doppler-p0Hz_ca-804.csv,fpga,ok,,20.0,25,25,0,0,0,804,804,0,53132799.5625,842.8594788232149,,18.01950116393471,0.4372466560453176,,,1,0,0,,,,1,25
gps-1ms_prn-25_fs-11MHz_if-3563kHz_snr-p20_doppler-p10000Hz_ca-804.csv,fpga,ok,,20.0,25,25,10000,10000,0,804,804,0,53165088.25,842.8285604505261,,18.240963208119467,0.4369241439271718,,,1,0,0,,,,1,25
gps-1ms_prn-25_fs-11MHz_if-3563kHz_snr-p20_doppler-p1250Hz_ca-804.csv,fpga,ok,,20.0,25,25,1250,1250,0,804,804,0,53290905.3125,843.8538686404993,,18.23962398348956,0.4378290290478617,,,1,0,0,,,,1,25
gps-1ms_prn-25_fs-11MHz_if-3563kHz_snr-p20_doppler-p2500Hz_ca-804.csv,fpga,ok,,20.0,25,25,2500,2500,0,804,804,0,53186309.875,845.0550793979754,,18.221147982872,0.4370030980790034,,,1,0,0,,,,1,25
gps-1ms_prn-25_fs-11MHz_if-3563kHz_snr-p20_doppler-p3750Hz_ca-804.csv,fpga,ok,,20.0,25,25,3750,3750,0,804,804,0,53185388.0,844.5980806231876,,17.978829111026357,0.4368031590711325,,,1,0,0,,,,1,25
gps-1ms_prn-25_fs-11MHz_if-3563kHz_snr-p20_doppler-p5000Hz_ca-804.csv,fpga,ok,,20.0,25,25,5000,5000,0,804,804,0,52973434.4375,839.3048490559746,,18.597455505411606,0.4370198929682374,,,1,0,0,,,,1,25
gps-1ms_prn-25_fs-11MHz_if-3563kHz_snr-p20_doppler-p6250Hz_ca-804.csv,fpga,ok,,20.0,25,25,6250,6250,0,804,804,0,53219534.875,843.0690093180215,,18.557187053313463,0.4377787649864331,,,1,0,0,,,,1,25
gps-1ms_prn-25_fs-11MHz_if-3563kHz_snr-p20_doppler-p7500Hz_ca-804.csv,fpga,ok,,20.0,25,25,7500,7500,0,804,804,0,53180843.5,841.2493206684742,,18.56010917995996,0.4377925250446424,,,1,0,0,,,,1,25
gps-1ms_prn-25_fs-11MHz_if-3563kHz_snr-p20_doppler-p8750Hz_ca-804.csv,fpga,ok,,20.0,25,25,8750,8750,0,804,804,0,53190202.75,843.0732201823458,,18.429851225230742,0.4370933950413018,,,1,0,0,,,,1,25
